name,period,mass
11 Com b,326.03,19.4
11 UMi b,516.22,10.5
14 And b,185.84,4.8
14 Her b,1796.4,4.74
16 Cyg B b,800.8,1.5
17 Sco b,578.38,4.32
18 Del b,993.3,10.3
24 Boo b,30.3506,0.91
24 Sex b,452.8,1.99
24 Sex c,883,0.86
30 Ari B b,345.4,6.6
4 UMa b,269.3,7.1
42 Dra b,479.1,3.88
47 UMa b,1100.8,2.76
47 UMa c,7586,1.34
47 UMa d,19000,1.51
51 Peg b,4.231,0.46
55 Cnc b,14.67,0.784
55 Cnc c,44.4175,0.1714
55 Cnc d,5574.2,3.12
55 Cnc e,2.808,0.045
55 Cnc f,262,0.141
6 Lyn b,934.3,2.01
61 Vir b,4.215,0.016
61 Vir c,38.0957,0.0507
61 Vir d,123.01,0.072
7 CMa b,796,2.46
7 CMa c,996,0.87
70 Vir b,116.69335,7.23
75 Cet b,691.9,3
8 UMi b,93.4,1.31
81 Cet b,952.7,5.3
91 Aqr b,181.4,3.2
alf Ari b,380.8,1.8
alf Tau b,628.96,6.47
BD-00 4475 b,723.2,25.05
BD-06 1339 b,3.8728,0.027
BD-06 1339 c,125.94,0.17
BD-08 2823 b,5.6,0.04
BD-08 2823 c,237.6,0.33
BD-10 3166 b,3.487905,0.449
BD-11 4672 b,1667,0.53
BD-11 4672 c,74.2,0.04836
BD-13 2130 b,714.3,10.6
BD-17 63 b,655.6,5.1
BD+03 2562 b,481.9,6.4
BD+14 4559 b,268.94,1.04
BD+15 2375 b,153.22,1.061
BD+15 2940 b,137.48,1.11
BD+20 2457 b,379.63,21.42
BD+20 2457 c,621.99,12.47
BD+20 274 b,578.2,4.2
BD+45 564 b,307.88,1.36
BD+48 738 b,392.6,0.91
BD+48 740 b,733,1.7
BD+49 828 b,2590,1.6
BD+55 362 b,265.59,0.72
BD+63 1405 b,1198.48,3.96
bet Cnc b,605.2,7.8
bet Pic c,1200,9
bet UMi b,522.3,6.1
CD Cet b,2.2907,0.01243
CI Tau b,8.9891,11.6
CoRoT-20 c,1675,17
CoRoT-7 c,3.7,0.043
CoRoT-7 d,8.966,0.05393
DMPP-1 b,18.57,0.07636
DMPP-1 c,6.584,0.0302
DMPP-1 d,2.882,0.01054
DMPP-1 e,5.516,0.01299
DMPP-2 b,5.2072,0.437
DMPP-3 A b,6.6736,0.00812
eps CrB b,417.9,6.7
eps Eri b,2690,0.78
eps Ind A b,16510,3.25
eps Tau b,594.9,7.6
G 264-012 b,2.30538,0.00787
G 264-012 c,8.0518,0.0118
gam 1 Leo b,428.5,8.78
gam Cep b,905.574,1.7
gam Lib b,415.2,1.02
gam Lib c,964.6,4.58
gam Psc b,555.1,1.34
GJ 1061 b,3.204,0.00431
GJ 1061 c,6.689,0.00547
GJ 1061 d,13.031,0.00516
GJ 1132 c,8.929,0.00831
GJ 1148 b,41.397,0.298
GJ 1148 c,535.9,0.26
GJ 1265 b,3.6511,0.02328
GJ 15 A b,11.4433,0.01683
GJ 15 A c,7600,0.11327
GJ 160.2 b,5.2354,0.03209
GJ 163 b,8.63182,0.03335
GJ 163 c,25.63058,0.0214
GJ 163 d,603.95116,0.0925
GJ 179 b,2333,0.752
GJ 180 b,17.38,0.02611
GJ 180 c,24.329,0.02014
GJ 180 d,106.3,0.02379
GJ 2056 b,69.971,0.05097
GJ 229 A c,121.995,0.02287
GJ 229 b,526.115,0.02667
GJ 251 b,14.238,0.01259
GJ 27.1 b,15.819,0.0409
GJ 273 b,18.6498,0.00909
GJ 273 c,4.7234,0.00371
GJ 3021 b,133.71,3.37
GJ 3082 b,11.949,0.0258
GJ 3138 b,1.22003,0.0056
GJ 3138 c,5.974,0.01315
GJ 3138 d,257.8,0.03304
GJ 317 b,695.66,1.75282
GJ 317 c,10000,2
GJ 328 b,4100,2.3
GJ 3293 b,30.6,0.081
GJ 3293 c,123.75,0.081
GJ 3293 d,48.1345,0.02391
GJ 3293 e,13.2543,0.01032
GJ 3323 b,5.3636,0.00636
GJ 3323 c,40.54,0.00727
GJ 3341 b,14.207,0.0208
GJ 338 B b,24.45,0.03231
GJ 3470 b,3.33714,0.044
GJ 3473 c,15.509,0.02331
GJ 3512 b,203.69,0.46
GJ 3512 c,1599.6,0.2
GJ 357 c,9.1247,0.0107
GJ 357 d,55.661,0.01919
GJ 3634 b,2.64561,0.026
GJ 3779 b,3.0232,0.02517
GJ 3929 c,15.04,0.01797
GJ 393 b,7.02679,0.00538
GJ 3942 b,6.905,0.02246
GJ 3998 b,2.64977,0.00777
GJ 3998 c,13.74,0.0197
GJ 411 b,12.9532,0.00941
GJ 414 A b,51.625,0.0322
GJ 414 A c,749.83,0.16937
GJ 422 b,26.161,0.03115
GJ 4276 b,13.352,0.05213
GJ 433 b,7.3709,0.018
GJ 433 c,5094.105,0.10201
GJ 433 d,36.059,0.01643
GJ 436 b,2.6441,0.067
GJ 480 b,9.567,0.04153
GJ 486 b,1.467119,0.00887
GJ 514 b,140.43,0.01636
GJ 536 b,8.708,0.02051
GJ 581 b,5.36879,0.0511
GJ 581 c,12.9292,0.017
GJ 581 e,3.153,0.00521
GJ 625 b,14.628,0.00887
GJ 649 b,604.8,0.275
GJ 667 C b,7.20066,0.01789
GJ 667 C c,28.155,0.0143
GJ 667 C e,62.24,0.008
GJ 667 C f,39.026,0.008
GJ 667 C g,256.2,0.014
GJ 674 b,4.6938,0.035
GJ 676 A b,1056.80005,4.96
GJ 676 A c,7337,6.8
GJ 676 A d,3.6005,0.014
GJ 676 A e,35.39,0.025
GJ 682 b,17.478,0.01384
GJ 682 c,57.32,0.02737
GJ 685 b,24.16,0.02832
GJ 687 b,38.152,0.0553
GJ 687 c,727.562,0.05034
GJ 720 A b,19.466,0.04292
GJ 740 b,2.37756,0.00931
GJ 832 b,3657,0.68
GJ 832 c,35.68,0.017
GJ 849 b,1940,0.891
GJ 849 c,7068,0.702
GJ 86 b,15.76491,3.91
GJ 876 b,61.1166,2.2756
GJ 876 c,30.455,0.79
GJ 876 d,1.938,0.02536
GJ 876 e,124.5,0.05217
GJ 887 b,9.262,0.01321
GJ 887 c,21.789,0.02391
GJ 9066 b,241.883,0.09722
GJ 9066 c,771.36,0.21
GJ 96 b,73.94,0.06186
GJ 9689 b,18.27,0.03036
Gl 378 b,3.822,0.04097
Gl 49 b,13.8508,0.01771
Gl 686 b,15.53209,0.02234
HAT-P-11 c,3407,1.59519
HAT-P-13 c,446.27,14.28
HAT-P-17 c,5584,3.4
HAT-P-44 c,872.2,4
HATS-59 c,1422,12.7
HD 100655 b,157.57001,1.61
HD 100777 b,383.70001,1.03
HD 10180 c,5.75979,0.04122
HD 10180 d,16.3579,0.03697
HD 10180 e,49.748,0.0805
HD 10180 f,122.76,0.0752
HD 10180 g,604.67,0.0732
HD 10180 h,2222,0.203
HD 101930 b,70.46,0.25
HD 102117 b,20.8133,0.17
HD 102195 b,4.11434,0.488
HD 102272 b,127.58,4.94
HD 102329 b,778.1,5.9
HD 102329 c,1123,1.52
HD 102365 b,122.1,0.05
HD 102843 b,3090.942,0.35837
HD 102956 b,6.495,0.96
HD 103197 b,47.84,0.09
HD 103720 b,4.5557,0.62
HD 103774 b,5.8881,0.367
HD 103891 b,1919,1.44
HD 103949 b,120.878,0.03524
HD 104067 b,55.828,0.203
HD 10442 b,1053.2,1.53
HD 104985 b,199.505,8.3
HD 105779 b,2412,0.64
HD 106252 b,1600,7.56
HD 106270 b,2890,11
HD 10647 b,1003,0.93
HD 106515 A b,3630,9.61
HD 10697 b,1076.4,6.38
HD 107148 b,77.181,0.203
HD 107148 c,18.3267,0.0626
HD 108147 b,10.901,0.4
HD 108341 b,1129,3.5
HD 108863 b,443.4,2.6
HD 108874 b,397.5,1.71
HD 108874 c,1743.2,1.139
HD 109246 b,68.27,0.77
HD 109271 b,7.8543,0.054
HD 109271 c,30.93,0.076
HD 109286 b,520.1,2.99
HD 109749 b,5.24,0.28
HD 10975 b,283.8,0.45
HD 110014 b,936.4,13.67
HD 110113 c,6.744,0.03304
HD 111232 b,1143,6.8
HD 111591 b,1056.4,4.4
HD 111998 b,825.9,4.51
HD 112640 b,613.2,5
HD 113337 b,324,2.83
HD 113538 b,663.2,0.36
HD 113538 c,1818,0.93
HD 113996 b,610.2,6.3
HD 114386 b,937.70001,1.14
HD 114613 b,4000,0.357
HD 114729 b,1135,0.84
HD 114762 b,83.9151,10.69
HD 114783 b,501,1
HD 114783 c,4340,0.659
HD 11506 b,1627.5,4.21
HD 11506 c,223.6,0.36
HD 115954 b,3700,8.29
HD 116029 b,670,1.4
HD 116029 c,907,1.27
HD 117207 b,2628,1.9
HD 11755 b,433.70001,5.63
HD 117618 b,25.827,0.178
HD 118203 b,6.1335,2.13
HD 11964 b,2110,0.61
HD 11964 c,37.9196,0.0766
HD 11977 b,711,6.54
HD 120084 b,2082,4.5
HD 121504 b,63.33,1.22
HD 124330 b,270.66,0.75
HD 12484 b,58.83,2.98
HD 125390 b,1756.2,22.16
HD 125595 b,9.6737,0.02
HD 125612 b,559.40485,3.23
HD 125612 c,4.15514,0.055
HD 125612 d,3008,7.2
HD 12648 b,133.60001,1.96
HD 126525 b,960.41,0.237
HD 12661 b,262.709,2.176
HD 12661 c,1708,1.812
HD 126614 b,1253.5,0.356
HD 128311 b,460.1,1.83
HD 128311 c,928.3,3.21
HD 128356 b,298.2,0.89
HD 129445 b,1840,1.6
HD 130322 b,10.721,1.09
HD 131496 b,896,1.8
HD 131664 b,1951,18.15
HD 13167 b,2613,3.31
HD 13189 b,471.60001,10.95
HD 132406 b,974,5.38
HD 132563 b,1544,1.49
HD 133131 A b,649,1.42
HD 133131 A c,3568,0.42
HD 133131 B b,5769,2.5
HD 134060 b,3.2696,0.0318
HD 134060 c,1291.5646,0.0922
HD 134987 b,264.6,1.63
HD 134987 c,5960,0.935
HD 136352 b,11.5824,0.0151
HD 136352 c,27.59221,0.03536
HD 136352 d,107.63,0.03304
HD 136418 b,464.3,2
HD 136925 b,4540,0.84
HD 137388 b,330,0.2
HD 137496 c,479.9,7.66
HD 13808 b,14.1815,0.03524
HD 13808 c,53.753,0.03134
HD 13908 b,19.382,0.865
HD 13908 c,931,5.13
HD 13931 b,4460,1.92
HD 139357 b,1125.7,9.76
HD 14067 b,2850,9
HD 141004 b,15.5083,0.0429
HD 141399 b,94.44,0.451
HD 141399 c,202.08,1.36
HD 141399 d,1074.8,1.263
HD 141399 e,5000,0.66
HD 141937 b,653.22,9.316
HD 142 b,350.3,1.31
HD 142 c,6005,5.3
HD 142022 A b,1928,4.44
HD 142245 b,1299,1.9
HD 142415 b,386.3,1.62
HD 143105 b,2.1974,1.21
HD 143361 b,1086,3
HD 145377 b,103.95,5.76
HD 145457 b,176.3,2.23
HD 145675 c,25000,5.8
HD 145934 b,2790,2.04
HD 1461 b,5.7727,0.024
HD 1461 c,13.5052,0.01759
HD 147018 b,44.236,2.12
HD 147018 c,1008,6.56
HD 147379 b,86.78,0.08983
HD 147513 b,528.4,1.21
HD 14787 b,676.6,1.121
HD 147873 b,116.596,5.14
HD 147873 c,491.54,2.3
HD 148156 b,1027,0.85
HD 148164 b,328.55,1.23
HD 148164 c,5062,5.16
HD 148427 b,331.5,0.96
HD 149026 b,2.8766,0.36
HD 149143 b,4.088,1.36
HD 150010 b,562,2.4
HD 1502 b,431.8,3.1
HD 150706 b,5894,2.71
HD 152079 b,2918.92,2.661
HD 152581 b,689,1.5
HD 153950 b,499.4,2.73
HD 154088 b,18.56,0.02077
HD 154345 b,3538,1
HD 154672 b,163.967,4.73
HD 154857 b,409,1.8
HD 154857 c,3452,2.58
HD 155193 b,352.65,0.75
HD 155233 b,885,2
HD 155358 b,194.3,0.85
HD 155358 c,391.9,0.82
HD 156279 b,133.4031,9.5
HD 156279 c,4758,9.45
HD 156411 b,842.2,0.74
HD 156668 b,4.6455,0.013
HD 156668 c,811.3,0.0991
HD 156846 b,359.5546,10.57
HD 158038 b,521,1.53
HD 158259 b,2.178,0.00698
HD 158259 c,3.432,0.01762
HD 158259 d,5.1980814,0.01702
HD 158259 e,7.951,0.01913
HD 158259 f,12.028,0.01932
HD 158996 b,820.2,14
HD 159243 b,12.62,1.13
HD 159243 c,248.4,1.9
HD 159868 b,1184.1,2.218
HD 159868 c,352.3,0.73
HD 1605 b,577.90002,1.16
HD 1605 c,2149,3.62
HD 160691 b,743,1.97
HD 160691 c,4472.967,2.423
HD 160691 d,9.6386,0.03321
HD 160691 e,310.55,0.5219
HD 161178 b,279.3,0.57
HD 16141 b,75.523,0.26
HD 16175 b,995.4,4.77
HD 162020 b,8.4282,9.84
HD 163607 b,75.29,0.77
HD 163607 c,1314,2.29
HD 16417 b,17.24,0.0696
HD 164509 b,282.4,0.48
HD 164595 b,40,0.05078
HD 164604 b,641.472,1.99792
HD 164922 b,1207,0.36497
HD 164922 c,75.817,0.0451
HD 164922 d,12.4584,0.0149
HD 164922 e,41.763,0.0331
HD 165155 b,434.5,2.89
HD 1666 b,270,6.43
HD 166724 b,5144,3.53
HD 167042 b,420.77,1.7
HD 168009 b,15.1479,0.03
HD 168443 b,58.11289,8.02
HD 168443 c,1765.8,16.87
HD 168746 b,6.4045,0.2294
HD 1690 b,533,6.1
HD 169830 b,229.9,2.94
HD 169830 c,2102,4.04
HD 170469 b,1145,0.66
HD 17092 b,359.9,4.6
HD 171028 b,550,1.98
HD 171238 b,1532,2.72
HD 17156 b,21.2167,3.16
HD 173416 b,323.6,2.7
HD 174205 b,582,4.2
HD 175167 b,1290,7.8
HD 175541 b,299.05,0.577
HD 175607 b,29.01,0.02825
HD 17674 b,623.8,0.87
HD 176986 b,6.4898,0.01806
HD 176986 c,16.8191,0.02888
HD 177565 b,44.505,0.04751
HD 177830 b,410.10001,1.69
HD 177830 c,111.163,0.104
HD 178911 B b,71.511,7.35
HD 179079 b,14.479,0.081
HD 179949 b,3.093,0.84
HD 180053 b,213.72,2.194
HD 18015 b,2278,3.18
HD 180314 b,396.03,20.13
HD 180617 b,105.911,0.03843
HD 180902 b,510.9,1.685
HD 181234 b,7504,9.1
HD 181342 b,663,3.3
HD 181433 b,9.37459,0.02335
HD 181433 c,1014.5,0.674
HD 181433 d,7012,0.612
HD 181720 b,956,0.37
HD 183263 b,635.4,3.82
HD 183263 c,5048,9
HD 185269 b,6.8399,1.03
HD 187085 b,1019.74,0.836
HD 187123 b,3.097,0.52
HD 187123 c,3810,1.99
HD 18742 b,772,2.7
HD 188015 b,462.59,1.454
HD 189567 b,14.288,0.02674
HD 189567 c,33.688,0.02202
HD 189733 b,2.22,1.14
HD 190007 b,11.72,0.05179
HD 190360 b,3902,1.33
HD 190360 c,17.1186,0.06381
HD 190647 b,1176.45,1.985
HD 190984 b,4885,3.1
HD 191806 b,1606.3,8.52
HD 191939 e,101.5,0.33981
HD 191939 f,4450,6.49722
HD 192263 b,24.4,0.78
HD 192310 b,74.72,0.0532
HD 192310 c,525.8,0.076
HD 192699 b,351.5,2.5
HD 195019 b,18.27,3.51
HD 196050 b,1378,2.9
HD 196067 b,3638,6.9
HD 19615 b,402,8.5
HD 196885 A b,1346.85,2.96
HD 197037 b,1035.7,0.79
HD 19994 b,535.7,1.68
HD 20003 b,11.8482,0.0367
HD 20003 c,33.9239,0.0454
HD 200964 b,613.8,1.85
HD 200964 c,852.5,1.214
HD 202206 c,1383.4,2.44
HD 202696 b,517.8,1.996
HD 202696 c,946.6,1.864
HD 203473 b,1552.9,7.8
HD 2039 b,1183,4.9
HD 204313 b,2024.1,4.28
HD 204313 c,34.905,0.0553
HD 204941 b,1733,0.23
HD 205739 b,279.8,1.37
HD 206255 b,96.045,0.1076
HD 206610 b,673.2,2.036
HD 20781 b,5.3135,0.0061
HD 20781 c,13.8905,0.0168
HD 20781 d,29.158,0.0334
HD 20781 e,85.5073,0.0442
HD 20782 b,597.065,1.43
HD 207832 b,161.97,0.56
HD 207832 c,1155.7,0.73
HD 20794 b,18.33,0.00887
HD 20794 c,43.17,0.00793
HD 20794 d,90.309,0.015
HD 20794 e,147.02,0.01501
HD 208487 b,130.08,0.52
HD 208527 b,875.5,9.9
HD 20868 b,380.85001,1.25
HD 208897 b,352.7,1.4
HD 209458 b,3.525,0.63
HD 210193 b,649.918,0.4817
HD 210277 b,442.943,1.236
HD 210702 b,354.8,1.9
HD 211403 b,223.8,5.54
HD 211810 b,1558,0.67
HD 211970 b,25.201,0.0409
HD 212301 b,2.245715,0.45
HD 212771 b,380.7,2.39
HD 213240 b,951,4.5
HD 213472 b,17000,3.5
HD 213885 c,4.78503,0.06277
HD 21411 b,84.288,0.20734
HD 214823 b,1877,19.2
HD 215152 b,5.75999,0.00572
HD 215152 c,7.28243,0.00541
HD 215152 d,10.86499,0.00881
HD 215152 e,25.1967,0.00905
HD 215497 b,3.93404,0.02
HD 215497 c,567.94,0.33
HD 216435 b,1391,1.26
HD 216437 b,1334.28,2.223
HD 216520 b,35.466,0.0326
HD 216520 c,154.43,0.0297
HD 216536 b,148.60001,1.05
HD 216770 b,118.45,0.57
HD 21693 b,22.6786,0.0259
HD 21693 c,53.7357,0.0547
HD 217107 b,7.1269,1.37
HD 217107 c,5189,4.513
HD 217786 b,1319,13
HD 217850 b,3501.3,21.6
HD 218566 b,225.7,0.2
HD 219077 b,5513,13.4
HD 219134 b,3.0935,0.01364
HD 219134 c,6.767,0.00875
HD 219134 d,46.859,0.05088
HD 219134 f,22.805,0.028
HD 219134 g,94.2,0.034
HD 219134 h,2247,0.34
HD 219139 b,275.5,0.78
HD 219415 b,2093.3,1
HD 219828 b,3.83492,0.066
HD 219828 c,4791,15.1
HD 220074 b,672.1,11.1
HD 220197 b,1728,0.2
HD 220689 b,2266.4,1.118
HD 220773 b,3724.7,1.45
HD 220842 b,218.47,3.18
HD 221287 b,456.1,3.09
HD 221420 b,22482,9.7
HD 221585 b,1173,1.61
HD 222076 b,871,1.56
HD 222155 b,3999,1.9
HD 222582 b,575.9,5.29
HD 224538 b,1189.1,5.97
HD 224693 b,26.73,0.71
HD 22496 b,5.09071,0.01753
HD 22532 b,872.6,2.12
HD 22781 b,528.07,13.65
HD 23079 b,730.6,2.45
HD 23127 b,1214,1.5
HD 231701 b,141.63,1.13
HD 233604 b,192,6.575
HD 233832 b,4047,2.72
HD 23596 b,1565,8.1
HD 238090 b,13.671,0.02168
HD 238914 b,4100,6
HD 240210 b,501.75,5.21
HD 240237 b,745.70001,15.89
HD 24040 b,3668,3.86
HD 24040 c,515.4,0.201
HD 24064 b,535.6,9.4
HD 24085 b,2.0455,0.03713
HD 25015 b,6019.32,4.48
HD 25171 b,1845,0.95
HD 25723 b,457.01,2.5
HD 26161 b,32000,13.5
HD 2638 b,3.458,0.5
HD 26965 b,42.378,0.02665
HD 27442 b,428.1,1.56
HD 27631 b,2208,1.45
HD 27894 b,18.02,0.665
HD 27894 c,36.07,0.162
HD 27894 d,5174,5.415
HD 27969 b,654.5,4.8
HD 28185 b,385.9,5.59
HD 28254 b,1116,1.16
HD 285507 b,6.0881,0.917
HD 285968 b,8.7836,0.026
HD 28678 b,387.10001,2.55
HD 29021 b,1365,4.47
HD 290327 b,2443,2.43
HD 29399 b,892.7,1.57
HD 2952 b,311.60001,1.37
HD 30177 b,2770,9.46
HD 30177 c,11613,7.6
HD 30562 b,1159.2,1.373
HD 30669 b,1684,0.47
HD 30856 b,912,1.8
HD 31253 b,468.7,0.446
HD 31527 b,16.5535,0.0329
HD 31527 c,51.2053,0.0445
HD 31527 d,271.6737,0.0372
HD 3167 d,8.509,0.02171
HD 32518 b,157.54,3.04
HD 32963 b,2372,0.7
HD 330075 b,3.38773,0.48
HD 331093 b,621.62,1.5
HD 33142 b,330,1.26
HD 33142 c,834,5.97
HD 33142 d,89.9,0.2
HD 33283 b,18.1991,0.329
HD 33564 b,388,9.1
HD 33844 b,551.40002,2.01
HD 33844 c,916,1.75
HD 34445 b,1059,0.658
HD 34445 c,214.67,0.168
HD 34445 d,117.87,0.097
HD 34445 e,49.175,0.0529
HD 34445 f,676.8,0.119
HD 34445 g,5700,0.38
HD 35759 b,82.467,3.76
HD 360 b,273.1,0.75
HD 3651 b,62.25,0.228
HD 37124 b,154.46,0.61
HD 37124 c,1942,1.01
HD 37124 d,2295,0.66
HD 37605 b,55.027,2.39
HD 37605 c,2720,3.19
HD 3765 b,1211,0.173
HD 38283 b,363.20001,0.4
HD 38529 b,14.32,0.77
HD 38529 c,2165,13.2
HD 38801 b,696.3,10.7
HD 39091 b,2151,10.27
HD 39194 b,5.6368,0.01259
HD 39194 c,14.03,0.01982
HD 39194 d,33.91,0.01259
HD 39855 b,3.2498,0.02674
HD 40307 b,4.3123,0.01259
HD 40307 c,9.6207,0.02023
HD 40307 d,20.4321,0.02989
HD 40307 f,51.7768,0.01636
HD 40307 g,197.8,0.0223
HD 40956 b,578.6,2.7
HD 40979 b,265.36,3.8
HD 41004 A b,963,2.54
HD 41004 B b,1.3283,18.37
HD 4113 b,526.62,1.56
HD 42012 b,857.5,1.6
HD 4203 b,437.18,1.822
HD 4203 c,7400,2.68
HD 4208 b,832.97,0.81
HD 42618 b,149.61,0.04531
HD 4308 b,15.56,0.0442
HD 4313 b,356.21,1.927
HD 43197 b,327.8,0.6
HD 43691 b,36.9987,2.55
HD 44219 b,472.3,0.58
HD 45184 b,5.8858,0.0375
HD 45184 c,13.1407,0.0344
HD 45350 b,978.19,1.821
HD 45364 b,226.93,0.1872
HD 45364 c,342.85,0.6579
HD 45652 b,44.073,0.433
HD 46375 b,3.024,0.249
HD 47186 b,4.0845,0.07
HD 47186 c,1353.6,0.35061
HD 4732 b,360.2,2.37
HD 4732 c,2732,2.37
HD 47366 b,363.3,1.75
HD 47366 c,684.7,1.86
HD 47536 b,712.13,7.32
HD 4760 b,434,13.9
HD 48265 b,780.3,1.47
HD 4917 b,400.5,1.615
HD 49674 b,4.948,0.12
HD 50499 b,2483.7,1.45
HD 50499 c,10400,3.18
HD 50554 b,1293,4.954
HD 51608 b,14.0726,0.0402
HD 51608 c,95.9446,0.045
HD 52265 b,119.6,1.05
HD 5278 c,40.87,0.05789
HD 5319 b,674.6,1.94
HD 5319 c,886,1.15
HD 55696 b,1827,3.87
HD 5583 b,139.35,5.78
HD 5608 b,792.6,1.4
HD 564 b,492.3,0.33
HD 5891 b,177.11,7.6
HD 59686 A b,299.36,6.92
HD 60292 b,495.4,6.5
HD 60532 b,201.9,1.06
HD 60532 c,604,2.46
HD 62509 b,596.6,2.64
HD 63454 b,2.81805,0.25
HD 63765 b,358,0.53
HD 63935 c,21.4023,0.03492
HD 64114 b,45.791,0.056
HD 64121 b,623,2.56
HD 6434 b,22.017,0.44
HD 65216 b,613.1,1.21
HD 65216 c,5370,2.03
HD 66141 b,480.5,6
HD 66428 b,2293.9,3.194
HD 66428 c,39000,27
HD 67087 b,352.2,3.06
HD 67087 c,2374,4.85
HD 6718 b,2496,1.56
HD 68402 b,1103,3.07
HD 68988 b,6.27711,1.86
HD 68988 c,16000,15
HD 69123 b,1193.3,3.04
HD 69830 b,8.66945,0.0323
HD 69830 c,31.613,0.031
HD 69830 d,200.61,0.0443
HD 70573 b,851.8,6.1
HD 70642 b,2231,2
HD 7199 b,615,0.27
HD 72490 b,858,1.768
HD 72659 b,3658,3.15
HD 72892 b,39.475,5.45
HD 73267 b,1260,3.06
HD 73526 b,190.5,3
HD 73526 c,379.1,2.25
HD 73534 b,1770,1.103
HD 74156 b,51.645,1.8
HD 74156 c,2520,8.2
HD 7449 b,1275,1.11
HD 75289 b,3.5098,0.42
HD 75784 b,341.7,1.15
HD 75784 c,7900,5.64
HD 75898 b,422.9,2.71
HD 76700 b,3.971,0.197
HD 76920 b,415.4,3.93
HD 77338 b,5.7361,0.05
HD 79181 b,273.1,0.64
HD 7924 b,5.39792,0.02
HD 7924 c,15.3006,0.0278
HD 7924 d,24.451,0.02026
HD 79498 b,1966.1,1.34
HD 80606 b,111.4367,4.114
HD 80869 b,1711.7,4.86
HD 81040 b,1002.7,7.24
HD 81688 b,184.02,2.7
HD 81817 b,1047.1,27.1
HD 82886 b,705,1.3
HD 82943 b,442.4,1.5
HD 82943 c,220.078,1.959
HD 8326 b,158.991,0.20955
HD 83443 b,2.9857,0.34
HD 83443 c,8241,1.5
HD 8535 b,1313,0.68
HD 85390 b,799.52,0.099
HD 85512 b,58.43,0.01
HD 8574 b,227.55,2.11
HD 86081 b,2.1378431,1.48
HD 86226 b,1695,0.92
HD 86264 b,1475,7
HD 8673 b,1634,14.2
HD 86950 b,1270,3.6
HD 87646 b,13.481,12.4
HD 87883 b,3303,2.292
HD 88133 b,3.41587,0.299
HD 89307 b,2900,2.61
HD 89744 b,256.78,7.92
HD 90156 b,49.77,0.057
HD 9174 b,1179,1.11
HD 92788 b,326.7,3.34
HD 92788 c,11611.2975,3.67
HD 93083 b,143.58,0.37
HD 93385 b,7.3426,0.01321
HD 93385 c,13.18,0.02234
HD 93385 d,45.85,0.02737
HD 9446 b,30.052,0.7
HD 9446 c,192.9,1.82
HD 94834 b,1576,1.26
HD 95089 b,507,1.2
HD 95089 c,1860,3.97
HD 95127 b,482,5.01
HD 95338 b,55.087,0.13353
HD 95544 b,2172,6.84
HD 95735 c,3190,0.0568
HD 95872 b,4375,3.74
HD 96063 b,362.5,1.27
HD 96127 b,647.3,4
HD 96167 b,498.9,0.68
HD 96700 b,8.1245,0.028
HD 96700 c,19.88,0.01101
HD 96700 d,103.5,0.03996
HD 96992 b,514,1.14
HD 97658 b,9.4957,0.0258
HD 98219 b,436.9,1.8
HD 98649 b,6022.9725,6.79
HD 98736 b,968.8,2.33
HD 99109 b,441,0.474
HD 99283 b,310.4,0.97
HD 99492 b,17.054,0.079
HD 99706 b,868,1.39
HD 99706 c,1278,5.69
HIP 105854 b,184.2,8.2
HIP 107772 b,55.199,0.04059
HIP 107773 b,144.3,1.98
HIP 109384 b,499.48,1.56
HIP 109600 b,232.08,2.68
HIP 114933 b,1481.6,1.94
HIP 12961 b,57.435,0.35
HIP 14810 b,6.6742,3.91
HIP 14810 c,147.747,1.31
HIP 14810 d,981.8,0.59
HIP 34222 b,159.986,0.83
HIP 35173 b,41.516,0.03996
HIP 38594 b,60.722,0.02549
HIP 38594 c,3477.768,0.15228
HIP 4845 b,34.15,0.04531
HIP 48714 b,17.818,0.07205
HIP 5158 b,345.72,0.96
HIP 5158 c,9017.76,15.04
HIP 54373 b,7.76,0.02712
HIP 54373 c,15.144,0.03914
HIP 56640 b,2574.9,3.67
HIP 57274 b,8.1389,0.0365
HIP 57274 c,32.03,0.40902
HIP 57274 d,431.7,0.5267
HIP 5763 b,30.014,0.51
HIP 63242 b,124.6,9.18
HIP 65407 b,28.125,0.428
HIP 65407 c,67.3,0.784
HIP 65891 b,1084.5,6
HIP 67537 b,2556.5,11.1
HIP 67851 b,89.06,1.35
HIP 67851 c,2200,6.3
HIP 70849 b,17337.5,9
HIP 71135 b,87.19,0.05915
HIP 74890 b,822.3,2.4
HIP 75092 b,926.4,1.79
HIP 79431 b,111.7,2.1
HIP 8541 b,1560.2,5.5
HIP 86221 b,2.224,0.71
HIP 90988 b,453.9,1.96
HIP 91258 b,5.0505,1.068
HIP 97166 c,16.84,0.03115
HIP 97233 b,1058.8,20
HR 5183 b,43000,3.16
HR 810 b,320.1,2.26
IC 4651 9122 b,734,6.3
iot Dra b,536,8.9
iot Dra c,25000,15.6
K2-111 c,15.6785,0.03555
K2-18 c,8.962,0.02363
kap CrB b,1300,2.1
Kapteyn c,121.54,0.022
KELT-6 c,1276,3.71
Kepler-129 d,2646,8.3
Kepler-1656 c,1919,0.4
Kepler-19 d,62.95,0.07079
Kepler-20 g,34.94,0.0628
Kepler-25 d,123,0.283
Kepler-407 c,3000,12.6
Kepler-424 c,223.3,6.97
Kepler-432 c,406.2,2.43
Kepler-454 c,523.9,4.46
Kepler-48 e,982,2.067
Kepler-56 d,1002,5.61
Kepler-65 e,258.8,0.82
Kepler-68 d,634.6,0.77
Kepler-88 d,1403,3.05046
Kepler-93 c,3650,8.5
Kepler-94 c,820.3,9.836
Kepler-97 c,789,1.08
L 98-59 e,12.796,0.00963
LSPM J2116+0234 b,14.4399,0.04185
mu Leo b,357.8,2.4
NGC 2682 Sand 364 b,121.71,1.54
NGC 2682 Sand 978 b,511.21,2.18
NGC 2682 YBP 1194 b,6.96,0.33
NGC 2682 YBP 1514 b,5.118,0.4
NGC 2682 YBP 401 b,4.087,0.42
nu Oph b,530.32,24
nu Oph c,3186,27
ome Ser b,277.02,1.7
omi CrB b,187.83,1.5
omi UMa b,1630,4.1
pi Men d,124.64,0.0421
Pr0201 b,4.4264,0.54
Pr0211 b,2.1461,1.88
Pr0211 c,4850,7.79
Proxima Cen b,11.186,0.004
psi 1 Dra B b,3117,1.53
rho CrB b,39.8458,1.0449
rho CrB c,102.557,0.0885
Ross 128 b,9.8658,0.0044
Ross 508 b,10.77,0.01259
TAP 26 b,10.79,1.66
tau Boo b,3.3128,3.87
tau Cet e,162.87,0.01237
tau Cet f,636.13,0.01237
tau Cet g,20,0.00551
tau Cet h,49.41,0.00576
tau Gem b,305.5,20.6
Teegarden's Star b,4.91,0.0033
Teegarden's Star c,11.409,0.00349
TOI-1062 c,7.972,0.03077
TOI-1272 c,8.689,0.08401
TOI-1444 c,16.066,0.03713
TOI-431 c,4.8494,0.0089
TOI-500 c,6.6356,0.01583
TOI-500 d,26.233,0.10421
TOI-500 e,61.3,0.04735
TYC 0434-04538-1 b,193.2,6.1
TYC 1422-614-1 b,198.4,2.5
TYC 1422-614-1 c,559.3,10
TYC 2187-512-1 b,691.9,0.33
TYC 3318-01333-1 b,562,3.42
TYC 3667-1280-1 b,26.468,5.4
TYC 4282-00605-1 b,101.54,10.78
ups And b,4.617136,0.672
ups And c,241.52,1.98
ups And d,1319,3.95
ups Leo b,385.2,0.51
V830 Tau b,4.93,0.77
WASP-107 c,1088,0.36
WASP-148 c,34.527,0.408
WASP-41 c,421,3.18
WASP-47 c,588.5,1.25287
WASP-53 c,2840,16.35
WASP-8 c,4323,9.45
WASP-94 B b,2.00839,0.618
Wolf 1061 b,4.8876,0.00428
Wolf 1061 c,17.8719,0.01073
Wolf 1061 d,217.21,0.02423
xi Aql b,136.75,2.8
XO-2 S b,18.157,0.259
XO-2 S c,120.8,1.37
YZ Cet b,2.02087,0.0022
YZ Cet c,3.06008,0.00308
YZ Cet d,4.6568,0.00381